"","p_jobcontract","","","",""
"","1","2","3","4","Total"
"","b/se","b/se","b/se","b/se","b/se"
"111","0.4775","0.0000","0.0796","0.4429","1.0000"
"","0.10","0.00","0.06","0.14",""
"112","0.4977","0.0193","0.0462","0.4368","1.0000"
"","0.10","0.01","0.04","0.09",""
"113","0.2729","0.3255","0.0559","0.3457","1.0000"
"","0.18","0.24","0.05","0.19",""
"114","0.9959","0.0000","0.0000","0.0041","1.0000"
"","0.00","0.00","0.00","0.00",""
"121","0.9574","0.0000","0.0000","0.0426","1.0000"
"","0.04","0.00","0.00","0.04",""
"122","0.7135","0.0532","0.0270","0.2063","1.0000"
"","0.11","0.05","0.02","0.07",""
"123","0.4008","0.0170","0.0025","0.5797","1.0000"
"","0.16","0.02","0.00","0.16",""
"130","0.6293","0.1149","0.0045","0.2513","1.0000"
"","0.21","0.11","0.00","0.20",""
"211","0.2300","0.1078","0.4412","0.2210","1.0000"
"","0.10","0.05","0.20","0.18",""
"212","0.3535","0.0000","0.0000","0.6465","1.0000"
"","0.30","0.00","0.00","0.30",""
"213","0.5780","0.0182","0.2571","0.1467","1.0000"
"","0.15","0.02","0.12","0.07",""
"214","0.5928","0.0189","0.0172","0.3712","1.0000"
"","0.08","0.02","0.01","0.08",""
"221","0.1466","0.0870","0.0000","0.7665","1.0000"
"","0.11","0.07","0.00","0.11",""
"222","0.6632","0.0814","0.0763","0.1791","1.0000"
"","0.09","0.07","0.05","0.05",""
"223","0.4300","0.1820","0.0638","0.3242","1.0000"
"","0.11","0.05","0.03","0.12",""
"231","0.5625","0.0450","0.0446","0.3479","1.0000"
"","0.12","0.03","0.03","0.11",""
"232","0.5313","0.0221","0.0312","0.4155","1.0000"
"","0.07","0.01","0.01","0.07",""
"233","0.5426","0.0827","0.0260","0.3486","1.0000"
"","0.10","0.04","0.01","0.08",""
"241","0.6599","0.0396","0.0631","0.2375","1.0000"
"","0.11","0.04","0.06","0.10",""
"242","0.7041","0.0000","0.0407","0.2552","1.0000"
"","0.17","0.00","0.04","0.16",""
"243","0.5249","0.0000","0.0000","0.4751","1.0000"
"","0.25","0.00","0.00","0.25",""
"244","0.6704","0.0446","0.0395","0.2455","1.0000"
"","0.10","0.04","0.04","0.09",""
"245","0.9158","0.0095","0.0000","0.0747","1.0000"
"","0.07","0.01","0.00","0.06",""
"246","0.8517","0.0000","0.0523","0.0960","1.0000"
"","0.10","0.00","0.04","0.06",""
"311","0.5004","0.0021","0.2731","0.2243","1.0000"
"","0.16","0.00","0.19","0.10",""
"312","0.9310","0.0000","0.0000","0.0690","1.0000"
"","0.05","0.00","0.00","0.05",""
"313","0.8981","0.0250","0.0370","0.0399","1.0000"
"","0.07","0.03","0.03","0.04",""
"314","0.0000","0.0000","0.0000","1.0000","1.0000"
"","0.00","0.00","0.00","0.00",""
"315","0.7646","0.0876","0.0000","0.1478","1.0000"
"","0.14","0.09","0.00","0.10",""
"321","0.6482","0.0031","0.0000","0.3488","1.0000"
"","0.18","0.00","0.00","0.18",""
"322","0.3917","0.0400","0.0482","0.5201","1.0000"
"","0.12","0.03","0.03","0.12",""
"323","0.3872","0.0170","0.0957","0.5001","1.0000"
"","0.10","0.01","0.04","0.12",""
"324","0.0055","0.0000","0.0000","0.9945","1.0000"
"","0.01","0.00","0.00","0.01",""
"331","0.4146","0.0526","0.0277","0.5051","1.0000"
"","0.05","0.02","0.01","0.05",""
"332","0.4623","0.0132","0.0350","0.4895","1.0000"
"","0.07","0.01","0.01","0.07",""
"333","0.2200","0.0000","0.0000","0.7800","1.0000"
"","0.18","0.00","0.00","0.18",""
"334","0.5944","0.2257","0.0000","0.1799","1.0000"
"","0.16","0.18","0.00","0.08",""
"341","0.6930","0.0447","0.1130","0.1493","1.0000"
"","0.09","0.03","0.05","0.07",""
"342","0.9454","0.0000","0.0000","0.0546","1.0000"
"","0.04","0.00","0.00","0.04",""
"343","0.6789","0.0350","0.0775","0.2085","1.0000"
"","0.12","0.02","0.05","0.09",""
"344","0.2038","0.0020","0.0000","0.7942","1.0000"
"","0.08","0.00","0.00","0.08",""
"345","0.5408","0.0053","0.0179","0.4360","1.0000"
"","0.12","0.01","0.02","0.11",""
"346","0.3800","0.0208","0.0140","0.5851","1.0000"
"","0.17","0.01","0.01","0.15",""
"347","0.7938","0.0414","0.0000","0.1648","1.0000"
"","0.13","0.04","0.00","0.13",""
"348","0.9369","0.0000","0.0631","0.0000","1.0000"
"","0.07","0.00","0.07","0.00",""
"411","0.7313","0.0652","0.0277","0.1757","1.0000"
"","0.07","0.03","0.02","0.05",""
"412","0.6207","0.0165","0.0087","0.3542","1.0000"
"","0.07","0.01","0.01","0.07",""
"413","0.5452","0.0200","0.0000","0.4348","1.0000"
"","0.15","0.02","0.00","0.15",""
"414","0.6549","0.0284","0.0000","0.3167","1.0000"
"","0.08","0.03","0.00","0.07",""
"419","0.4892","0.0163","0.0646","0.4299","1.0000"
"","0.07","0.01","0.03","0.07",""
"421","0.5594","0.0120","0.0027","0.4259","1.0000"
"","0.12","0.01","0.00","0.11",""
"422","0.3764","0.0098","0.0000","0.6138","1.0000"
"","0.16","0.01","0.00","0.16",""
"511","0.7419","0.1971","0.0156","0.0453","1.0000"
"","0.16","0.15","0.02","0.03",""
"512","0.8643","0.0467","0.0029","0.0861","1.0000"
"","0.03","0.02","0.00","0.02",""
"513","0.4554","0.0460","0.0161","0.4824","1.0000"
"","0.06","0.03","0.01","0.05",""
"514","0.7887","0.0058","0.0086","0.1969","1.0000"
"","0.07","0.01","0.01","0.07",""
"515","1.0000","0.0000","0.0000","0.0000","1.0000"
"","0.00","0.00","0.00","0.00",""
"516","0.4146","0.0325","0.0199","0.5330","1.0000"
"","0.07","0.01","0.01","0.06",""
"521","1.0000","0.0000","0.0000","0.0000","1.0000"
"","0.00","0.00","0.00","0.00",""
"522","0.9477","0.0284","0.0020","0.0219","1.0000"
"","0.02","0.02","0.00","0.01",""
"523","0.9103","0.0036","0.0517","0.0344","1.0000"
"","0.04","0.00","0.03","0.02",""
"611","0.9425","0.0004","0.0306","0.0265","1.0000"
"","0.03","0.00","0.03","0.02",""
"612","0.8672","0.0245","0.0046","0.1037","1.0000"
"","0.09","0.02","0.00","0.09",""
"613","1.0000","0.0000","0.0000","0.0000","1.0000"
"","0.00","0.00","0.00","0.00",""
"614","0.7438","0.0069","0.0145","0.2349","1.0000"
"","0.08","0.00","0.01","0.08",""
"615","1.0000","0.0000","0.0000","0.0000","1.0000"
"","0.00","0.00","0.00","0.00",""
"620","0.8408","0.0907","0.0258","0.0427","1.0000"
"","0.07","0.08","0.02","0.04",""
"711","0.8468","0.0247","0.0000","0.1285","1.0000"
"","0.11","0.03","0.00","0.11",""
"712","0.9974","0.0020","0.0000","0.0006","1.0000"
"","0.00","0.00","0.00","0.00",""
"713","0.9438","0.0088","0.0009","0.0465","1.0000"
"","0.03","0.01","0.00","0.02",""
"714","0.9890","0.0064","0.0001","0.0045","1.0000"
"","0.01","0.00","0.00","0.00",""
"721","0.9518","0.0292","0.0075","0.0116","1.0000"
"","0.02","0.02","0.00","0.01",""
"722","0.9679","0.0000","0.0072","0.0250","1.0000"
"","0.03","0.00","0.01","0.03",""
"723","0.8198","0.0588","0.0271","0.0943","1.0000"
"","0.05","0.03","0.01","0.03",""
"724","0.8040","0.0221","0.0812","0.0928","1.0000"
"","0.06","0.01","0.04","0.03",""
"731","0.9953","0.0047","0.0000","0.0000","1.0000"
"","0.00","0.00","0.00","0.00",""
"732","1.0000","0.0000","0.0000","0.0000","1.0000"
"","0.00","0.00","0.00","0.00",""
"733","1.0000","0.0000","0.0000","0.0000","1.0000"
"","0.00","0.00","0.00","0.00",""
"734","0.8910","0.0000","0.0918","0.0172","1.0000"
"","0.09","0.00","0.08","0.02",""
"741","0.9150","0.0230","0.0153","0.0467","1.0000"
"","0.04","0.01","0.01","0.03",""
"742","0.9867","0.0133","0.0000","0.0000","1.0000"
"","0.01","0.01","0.00","0.00",""
"743","0.9690","0.0083","0.0050","0.0177","1.0000"
"","0.02","0.01","0.00","0.01",""
"744","0.7247","0.1635","0.0000","0.1118","1.0000"
"","0.21","0.12","0.00","0.08",""
"811","0.8867","0.0865","0.0000","0.0268","1.0000"
"","0.10","0.09","0.00","0.03",""
"812","0.8862","0.0496","0.0000","0.0642","1.0000"
"","0.08","0.04","0.00","0.06",""
"813","0.9905","0.0000","0.0000","0.0095","1.0000"
"","0.01","0.00","0.00","0.01",""
"814","0.9495","0.0000","0.0045","0.0459","1.0000"
"","0.05","0.00","0.00","0.05",""
"815","0.6009","0.2850","0.0052","0.1089","1.0000"
"","0.14","0.18","0.01","0.07",""
"816","0.2766","0.0636","0.1168","0.5430","1.0000"
"","0.10","0.06","0.07","0.16",""
"817","0.0000","0.0000","1.0000","0.0000","1.0000"
"","0.00","0.00","0.00","0.00",""
"821","0.6407","0.0124","0.0666","0.2803","1.0000"
"","0.11","0.01","0.05","0.13",""
"822","0.9604","0.0000","0.0021","0.0375","1.0000"
"","0.03","0.00","0.00","0.03",""
"823","0.9016","0.0699","0.0198","0.0086","1.0000"
"","0.07","0.07","0.02","0.01",""
"824","0.9551","0.0000","0.0000","0.0449","1.0000"
"","0.05","0.00","0.00","0.05",""
"825","0.9711","0.0000","0.0022","0.0267","1.0000"
"","0.03","0.00","0.00","0.03",""
"826","0.9889","0.0100","0.0011","0.0000","1.0000"
"","0.01","0.01","0.00","0.00",""
"827","0.8537","0.0021","0.0666","0.0776","1.0000"
"","0.07","0.00","0.06","0.05",""
"828","0.9954","0.0000","0.0046","0.0000","1.0000"
"","0.01","0.00","0.01","0.00",""
"829","0.7655","0.0753","0.0076","0.1517","1.0000"
"","0.11","0.07","0.01","0.08",""
"831","0.9558","0.0010","0.0111","0.0320","1.0000"
"","0.04","0.00","0.01","0.03",""
"832","0.9555","0.0126","0.0067","0.0252","1.0000"
"","0.01","0.01","0.00","0.01",""
"833","0.9670","0.0053","0.0000","0.0277","1.0000"
"","0.02","0.01","0.00","0.02",""
"834","0.8943","0.0000","0.0000","0.1057","1.0000"
"","0.12","0.00","0.00","0.12",""
"911","0.9481","0.0000","0.0000","0.0519","1.0000"
"","0.06","0.00","0.00","0.06",""
"912","0.9620","0.0000","0.0000","0.0380","1.0000"
"","0.05","0.00","0.00","0.05",""
"913","0.9379","0.0052","0.0235","0.0334","1.0000"
"","0.03","0.00","0.02","0.02",""
"914","0.9138","0.0000","0.0000","0.0862","1.0000"
"","0.06","0.00","0.00","0.06",""
"915","0.7853","0.0543","0.0306","0.1298","1.0000"
"","0.06","0.02","0.02","0.05",""
"916","0.6220","0.0567","0.0162","0.3051","1.0000"
"","0.08","0.03","0.01","0.08",""
"920","0.9737","0.0187","0.0014","0.0062","1.0000"
"","0.01","0.01","0.00","0.00",""
"931","0.9762","0.0191","0.0005","0.0041","1.0000"
"","0.02","0.02","0.00","0.00",""
"932","0.9290","0.0120","0.0254","0.0336","1.0000"
"","0.02","0.01","0.01","0.01",""
"933","0.9647","0.0070","0.0000","0.0283","1.0000"
"","0.01","0.00","0.00","0.01",""
"970","1.0000","0.0000","0.0000","0.0000","1.0000"
"","0.00","0.00","0.00","0.00",""
"980","0.9898","0.0102","0.0000","0.0000","1.0000"
"","0.00","0.00","0.00","0.00",""
"990","0.7737","0.0000","0.0000","0.2263","1.0000"
"","0.21","0.00","0.00","0.21",""
"Total","0.8625","0.0222","0.0128","0.1025","1.0000"
"","0.01","0.01","0.00","0.01",""
"N","22162","","","",""
