"","sector","",""
"","1","2","Total"
"","b/se","b/se","b/se"
"111","0.0008","0.0003","0.0007"
"","0.00","0.00","0.00"
"112","0.0015","0.0074","0.0032"
"","0.00","0.00","0.00"
"113","0.0001","0.0000","0.0001"
"","0.00","0.00","0.00"
"114","0.0001","0.0004","0.0002"
"","0.00","0.00","0.00"
"121","0.0403","0.1132","0.0607"
"","0.01","0.01","0.01"
"122","0.0018","0.0105","0.0042"
"","0.00","0.00","0.00"
"123","0.0007","0.0087","0.0030"
"","0.00","0.00","0.00"
"130","0.0003","0.0052","0.0017"
"","0.00","0.00","0.00"
"211","0.0002","0.0011","0.0004"
"","0.00","0.00","0.00"
"212","0.0000","0.0003","0.0001"
"","0.00","0.00","0.00"
"213","0.0003","0.0098","0.0030"
"","0.00","0.00","0.00"
"214","0.0011","0.0088","0.0033"
"","0.00","0.00","0.00"
"221","0.0002","0.0006","0.0003"
"","0.00","0.00","0.00"
"222","0.0015","0.0060","0.0027"
"","0.00","0.00","0.00"
"223","0.0006","0.0028","0.0012"
"","0.00","0.00","0.00"
"231","0.0007","0.0056","0.0021"
"","0.00","0.00","0.00"
"232","0.0053","0.0129","0.0074"
"","0.00","0.00","0.00"
"233","0.0028","0.0051","0.0035"
"","0.00","0.00","0.00"
"241","0.0035","0.0230","0.0089"
"","0.00","0.01","0.00"
"242","0.0012","0.0047","0.0022"
"","0.00","0.00","0.00"
"243","0.0000","0.0003","0.0001"
"","0.00","0.00","0.00"
"244","0.0003","0.0005","0.0004"
"","0.00","0.00","0.00"
"245","0.0005","0.0022","0.0010"
"","0.00","0.00","0.00"
"246","0.0017","0.0022","0.0018"
"","0.00","0.00","0.00"
"311","0.0005","0.0040","0.0015"
"","0.00","0.00","0.00"
"312","0.0006","0.0070","0.0024"
"","0.00","0.00","0.00"
"313","0.0009","0.0038","0.0017"
"","0.00","0.00","0.00"
"314","0.0000","0.0003","0.0001"
"","0.00","0.00","0.00"
"315","0.0002","0.0008","0.0004"
"","0.00","0.00","0.00"
"321","0.0002","0.0005","0.0003"
"","0.00","0.00","0.00"
"322","0.0011","0.0026","0.0015"
"","0.00","0.00","0.00"
"323","0.0010","0.0027","0.0014"
"","0.00","0.00","0.00"
"324","0.0000","0.0011","0.0003"
"","0.00","0.00","0.00"
"331","0.0102","0.0163","0.0119"
"","0.00","0.00","0.00"
"332","0.0045","0.0040","0.0043"
"","0.00","0.00","0.00"
"333","0.0001","0.0005","0.0002"
"","0.00","0.00","0.00"
"334","0.0004","0.0011","0.0006"
"","0.00","0.00","0.00"
"341","0.0020","0.0114","0.0047"
"","0.00","0.00","0.00"
"342","0.0010","0.0060","0.0024"
"","0.00","0.00","0.00"
"343","0.0011","0.0049","0.0022"
"","0.00","0.00","0.00"
"344","0.0004","0.0010","0.0005"
"","0.00","0.00","0.00"
"345","0.0010","0.0022","0.0013"
"","0.00","0.00","0.00"
"346","0.0004","0.0007","0.0005"
"","0.00","0.00","0.00"
"347","0.0002","0.0036","0.0012"
"","0.00","0.00","0.00"
"348","0.0001","0.0002","0.0001"
"","0.00","0.00","0.00"
"411","0.0015","0.0057","0.0027"
"","0.00","0.00","0.00"
"412","0.0016","0.0078","0.0033"
"","0.00","0.00","0.00"
"413","0.0005","0.0025","0.0011"
"","0.00","0.00","0.00"
"414","0.0007","0.0012","0.0008"
"","0.00","0.00","0.00"
"419","0.0053","0.0166","0.0084"
"","0.00","0.00","0.00"
"421","0.0012","0.0052","0.0023"
"","0.00","0.00","0.00"
"422","0.0003","0.0023","0.0009"
"","0.00","0.00","0.00"
"511","0.0013","0.0032","0.0018"
"","0.00","0.00","0.00"
"512","0.0057","0.0203","0.0098"
"","0.00","0.00","0.00"
"513","0.0029","0.0086","0.0045"
"","0.00","0.00","0.00"
"514","0.0056","0.0114","0.0073"
"","0.00","0.00","0.00"
"515","0.0003","0.0006","0.0004"
"","0.00","0.00","0.00"
"516","0.0036","0.0106","0.0056"
"","0.00","0.00","0.00"
"521","0.0002","0.0003","0.0002"
"","0.00","0.00","0.00"
"522","0.0384","0.0979","0.0550"
"","0.01","0.01","0.00"
"523","0.0068","0.0165","0.0095"
"","0.00","0.00","0.00"
"611","0.3707","0.0288","0.2748"
"","0.03","0.00","0.03"
"612","0.0191","0.0057","0.0153"
"","0.00","0.00","0.00"
"613","0.0170","0.0020","0.0128"
"","0.01","0.00","0.01"
"614","0.0019","0.0009","0.0016"
"","0.00","0.00","0.00"
"615","0.0024","0.0025","0.0024"
"","0.00","0.00","0.00"
"620","0.0170","0.0017","0.0127"
"","0.01","0.00","0.01"
"711","0.0011","0.0024","0.0015"
"","0.00","0.00","0.00"
"712","0.0186","0.0179","0.0184"
"","0.00","0.00","0.00"
"713","0.0085","0.0129","0.0097"
"","0.00","0.00","0.00"
"714","0.0156","0.0202","0.0169"
"","0.00","0.00","0.00"
"721","0.0038","0.0114","0.0059"
"","0.00","0.00","0.00"
"722","0.0009","0.0016","0.0011"
"","0.00","0.00","0.00"
"723","0.0056","0.0177","0.0090"
"","0.00","0.00","0.00"
"724","0.0043","0.0143","0.0071"
"","0.00","0.00","0.00"
"731","0.0011","0.0065","0.0026"
"","0.00","0.00","0.00"
"732","0.0022","0.0036","0.0026"
"","0.00","0.00","0.00"
"733","0.0013","0.0037","0.0020"
"","0.00","0.00","0.00"
"734","0.0006","0.0021","0.0010"
"","0.00","0.00","0.00"
"741","0.0094","0.0155","0.0111"
"","0.00","0.00","0.00"
"742","0.0028","0.0064","0.0038"
"","0.00","0.00","0.00"
"743","0.0161","0.0464","0.0246"
"","0.00","0.01","0.00"
"744","0.0004","0.0035","0.0012"
"","0.00","0.00","0.00"
"811","0.0006","0.0012","0.0008"
"","0.00","0.00","0.00"
"812","0.0003","0.0013","0.0006"
"","0.00","0.00","0.00"
"813","0.0005","0.0006","0.0005"
"","0.00","0.00","0.00"
"814","0.0006","0.0007","0.0006"
"","0.00","0.00","0.00"
"815","0.0006","0.0009","0.0007"
"","0.00","0.00","0.00"
"816","0.0005","0.0011","0.0006"
"","0.00","0.00","0.00"
"817","0.0001","0.0001","0.0001"
"","0.00","0.00","0.00"
"821","0.0009","0.0028","0.0014"
"","0.00","0.00","0.00"
"822","0.0003","0.0012","0.0006"
"","0.00","0.00","0.00"
"823","0.0006","0.0021","0.0011"
"","0.00","0.00","0.00"
"824","0.0003","0.0007","0.0004"
"","0.00","0.00","0.00"
"825","0.0005","0.0024","0.0010"
"","0.00","0.00","0.00"
"826","0.0022","0.0079","0.0038"
"","0.00","0.00","0.00"
"827","0.0015","0.0035","0.0021"
"","0.00","0.00","0.00"
"828","0.0005","0.0016","0.0008"
"","0.00","0.00","0.00"
"829","0.0014","0.0067","0.0029"
"","0.00","0.00","0.00"
"831","0.0004","0.0013","0.0006"
"","0.00","0.00","0.00"
"832","0.0310","0.0544","0.0376"
"","0.00","0.00","0.00"
"833","0.0030","0.0015","0.0026"
"","0.00","0.00","0.00"
"834","0.0001","0.0002","0.0001"
"","0.00","0.00","0.00"
"911","0.0056","0.0133","0.0078"
"","0.00","0.00","0.00"
"912","0.0001","0.0004","0.0002"
"","0.00","0.00","0.00"
"913","0.0048","0.0256","0.0106"
"","0.00","0.00","0.00"
"914","0.0004","0.0015","0.0007"
"","0.00","0.00","0.00"
"915","0.0034","0.0087","0.0049"
"","0.00","0.00","0.00"
"916","0.0020","0.0092","0.0040"
"","0.00","0.00","0.00"
"920","0.1525","0.0187","0.1150"
"","0.02","0.00","0.02"
"931","0.0772","0.0468","0.0687"
"","0.01","0.01","0.01"
"932","0.0136","0.0251","0.0168"
"","0.00","0.00","0.00"
"933","0.0065","0.0137","0.0085"
"","0.00","0.00","0.00"
"970","0.0000","0.0000","0.0000"
"","0.00","0.00","0.00"
"980","0.0003","0.0004","0.0003"
"","0.00","0.00","0.00"
"990","0.0002","0.0001","0.0002"
"","0.00","0.00","0.00"
"Total","1.0000","1.0000","1.0000"
"","","",""
"N","145513","",""
