"","p_socsec","","","","","","","","",""
"","1","2","3","4","5","6","7","8","9","Total"
"","b/se","b/se","b/se","b/se","b/se","b/se","b/se","b/se","b/se","b/se"
"111","0.1029","0.0000","0.0000","0.0796","0.0266","0.0000","0.0000","0.6077","0.1832","1.0000"
"","0.10","0.00","0.00","0.06","0.03","0.00","0.00","0.10","0.12",""
"112","0.4141","0.0003","0.0002","0.0947","0.0642","0.0180","0.2390","0.0898","0.0798","1.0000"
"","0.10","0.00","0.00","0.04","0.03","0.02","0.08","0.03","0.05",""
"113","0.1994","0.0000","0.0000","0.0000","0.0000","0.0632","0.2200","0.1286","0.3888","1.0000"
"","0.16","0.00","0.00","0.00","0.00","0.07","0.17","0.08","0.23",""
"114","0.8162","0.0000","0.0000","0.0000","0.0000","0.0000","0.0084","0.0000","0.1755","1.0000"
"","0.21","0.00","0.00","0.00","0.00","0.00","0.01","0.00","0.21",""
"121","0.0000","0.0470","0.0000","0.0000","0.0000","0.0000","0.0521","0.5658","0.3352","1.0000"
"","0.00","0.03","0.00","0.00","0.00","0.00","0.05","0.20","0.17",""
"122","0.0367","0.0000","0.0140","0.0091","0.0020","0.0000","0.3725","0.2540","0.3116","1.0000"
"","0.02","0.00","0.01","0.01","0.00","0.00","0.16","0.10","0.21",""
"123","0.3603","0.0000","0.0600","0.1860","0.0000","0.0000","0.0638","0.1569","0.1730","1.0000"
"","0.14","0.00","0.04","0.16","0.00","0.00","0.03","0.06","0.14",""
"130","0.0148","0.0000","0.0000","0.0000","0.0000","0.0000","0.6916","0.2252","0.0683","1.0000"
"","0.01","0.00","0.00","0.00","0.00","0.00","0.16","0.13","0.07",""
"211","0.8588","0.0000","0.0000","0.0000","0.0504","0.0000","0.0075","0.0833","0.0000","1.0000"
"","0.06","0.00","0.00","0.00","0.06","0.00","0.01","0.03","0.00",""
"212","0.6465","0.0000","0.0000","0.0000","0.0000","0.0000","0.2681","0.0855","0.0000","1.0000"
"","0.30","0.00","0.00","0.00","0.00","0.00","0.27","0.10","0.00",""
"213","0.0549","0.0000","0.0000","0.0010","0.0000","0.0000","0.3453","0.5126","0.0862","1.0000"
"","0.05","0.00","0.00","0.00","0.00","0.00","0.10","0.13","0.05",""
"214","0.1699","0.0000","0.0000","0.0117","0.1295","0.0000","0.1859","0.0973","0.4057","1.0000"
"","0.09","0.00","0.00","0.01","0.08","0.00","0.09","0.04","0.08",""
"221","0.1910","0.0870","0.0000","0.0180","0.0000","0.0000","0.5575","0.0000","0.1465","1.0000"
"","0.17","0.09","0.00","0.02","0.00","0.00","0.16","0.00","0.08",""
"222","0.1146","0.0000","0.0386","0.0028","0.0480","0.0011","0.1760","0.2369","0.3821","1.0000"
"","0.05","0.00","0.03","0.00","0.03","0.00","0.07","0.09","0.16",""
"223","0.1158","0.0000","0.0537","0.0102","0.0919","0.0065","0.1802","0.4633","0.0783","1.0000"
"","0.05","0.00","0.03","0.01","0.08","0.01","0.08","0.15","0.04",""
"231","0.1048","0.0000","0.0250","0.0651","0.0223","0.0000","0.2685","0.4114","0.1030","1.0000"
"","0.06","0.00","0.02","0.04","0.02","0.00","0.09","0.15","0.07",""
"232","0.2388","0.0115","0.0018","0.0218","0.0412","0.0177","0.2776","0.3168","0.0727","1.0000"
"","0.03","0.01","0.00","0.01","0.01","0.01","0.04","0.05","0.04",""
"233","0.1733","0.0036","0.0126","0.0029","0.0153","0.0020","0.1997","0.5159","0.0748","1.0000"
"","0.04","0.00","0.01","0.00","0.01","0.00","0.06","0.08","0.04",""
"241","0.1763","0.0123","0.0000","0.0064","0.0893","0.0000","0.1732","0.3587","0.1839","1.0000"
"","0.07","0.01","0.00","0.01","0.06","0.00","0.07","0.09","0.12",""
"242","0.4578","0.0000","0.0000","0.0303","0.0000","0.0000","0.0093","0.2973","0.2053","1.0000"
"","0.22","0.00","0.00","0.03","0.00","0.00","0.01","0.19","0.15",""
"243","0.5218","0.0000","0.0000","0.0000","0.0000","0.0000","0.0258","0.0462","0.4062","1.0000"
"","0.26","0.00","0.00","0.00","0.00","0.00","0.03","0.04","0.29",""
"244","0.0634","0.0000","0.0554","0.0000","0.0155","0.0000","0.0658","0.5943","0.2055","1.0000"
"","0.04","0.00","0.04","0.00","0.01","0.00","0.02","0.10","0.09",""
"245","0.0968","0.0000","0.0000","0.0000","0.0000","0.0000","0.0000","0.9032","0.0000","1.0000"
"","0.07","0.00","0.00","0.00","0.00","0.00","0.00","0.07","0.00",""
"246","0.0045","0.0218","0.0073","0.0090","0.0035","0.0112","0.0401","0.7520","0.1505","1.0000"
"","0.00","0.02","0.01","0.01","0.00","0.01","0.03","0.07","0.08",""
"311","0.1155","0.0817","0.0640","0.0720","0.0543","0.0021","0.4008","0.1341","0.0754","1.0000"
"","0.07","0.07","0.05","0.06","0.05","0.00","0.17","0.06","0.06",""
"312","0.0068","0.0000","0.0000","0.0201","0.1455","0.0000","0.0830","0.1824","0.5623","1.0000"
"","0.01","0.00","0.00","0.02","0.14","0.00","0.07","0.10","0.24",""
"313","0.1512","0.0652","0.0004","0.0000","0.0050","0.0000","0.1995","0.5460","0.0326","1.0000"
"","0.06","0.07","0.00","0.00","0.00","0.00","0.07","0.13","0.03",""
"314","1.0000","0.0000","0.0000","0.0000","0.0000","0.0000","0.0000","0.0000","0.0000","1.0000"
"","0.00","0.00","0.00","0.00","0.00","0.00","0.00","0.00","0.00",""
"315","0.2143","0.0000","0.0000","0.0686","0.0000","0.0000","0.3161","0.4010","0.0000","1.0000"
"","0.10","0.00","0.00","0.06","0.00","0.00","0.15","0.13","0.00",""
"321","0.0803","0.0000","0.0000","0.0000","0.3179","0.0000","0.3472","0.2546","0.0000","1.0000"
"","0.08","0.00","0.00","0.00","0.22","0.00","0.19","0.17","0.00",""
"322","0.2259","0.0000","0.0275","0.0019","0.0047","0.0145","0.1949","0.4167","0.1138","1.0000"
"","0.10","0.00","0.02","0.00","0.00","0.01","0.08","0.12","0.06",""
"323","0.0910","0.0000","0.0692","0.0176","0.0643","0.0025","0.2070","0.4610","0.0874","1.0000"
"","0.04","0.00","0.04","0.01","0.04","0.00","0.09","0.10","0.05",""
"324","0.0416","0.0000","0.9529","0.0000","0.0000","0.0000","0.0000","0.0000","0.0055","1.0000"
"","0.06","0.00","0.06","0.00","0.00","0.00","0.00","0.00","0.01",""
"331","0.2300","0.0174","0.0129","0.0453","0.0280","0.0125","0.3113","0.2841","0.0585","1.0000"
"","0.03","0.01","0.01","0.01","0.01","0.00","0.05","0.05","0.02",""
"332","0.1275","0.0018","0.1150","0.0405","0.0231","0.0288","0.1118","0.4184","0.1332","1.0000"
"","0.04","0.00","0.05","0.01","0.01","0.02","0.03","0.04","0.02",""
"333","0.0598","0.0000","0.0000","0.0000","0.0000","0.6233","0.0322","0.1292","0.1556","1.0000"
"","0.07","0.00","0.00","0.00","0.00","0.27","0.04","0.14","0.16",""
"334","0.0948","0.0043","0.0002","0.0315","0.0000","0.0006","0.0775","0.7414","0.0497","1.0000"
"","0.07","0.00","0.00","0.03","0.00","0.00","0.05","0.12","0.02",""
"341","0.2915","0.0111","0.0000","0.0302","0.0426","0.0000","0.0754","0.4551","0.0940","1.0000"
"","0.10","0.01","0.00","0.02","0.02","0.00","0.03","0.08","0.05",""
"342","0.4087","0.0000","0.0000","0.0000","0.0251","0.0000","0.0295","0.4851","0.0516","1.0000"
"","0.21","0.00","0.00","0.00","0.03","0.00","0.03","0.21","0.05",""
"343","0.1508","0.0000","0.0000","0.0191","0.2043","0.0059","0.2079","0.1827","0.2294","1.0000"
"","0.07","0.00","0.00","0.02","0.13","0.01","0.08","0.07","0.18",""
"344","0.1810","0.0000","0.0000","0.0000","0.0447","0.2578","0.2311","0.2461","0.0392","1.0000"
"","0.13","0.00","0.00","0.00","0.05","0.19","0.10","0.10","0.03",""
"345","0.3822","0.0000","0.0000","0.0053","0.0245","0.0000","0.4777","0.0685","0.0418","1.0000"
"","0.11","0.00","0.00","0.01","0.02","0.00","0.12","0.03","0.04",""
"346","0.0841","0.0000","0.0115","0.0000","0.0033","0.0006","0.2626","0.4302","0.2077","1.0000"
"","0.02","0.00","0.01","0.00","0.00","0.00","0.09","0.08","0.11",""
"347","0.0000","0.0000","0.0000","0.0000","0.0000","0.0000","0.2593","0.6572","0.0835","1.0000"
"","0.00","0.00","0.00","0.00","0.00","0.00","0.14","0.14","0.06",""
"348","0.1408","0.0000","0.0000","0.0631","0.0000","0.0000","0.0000","0.6435","0.1525","1.0000"
"","0.14","0.00","0.00","0.07","0.00","0.00","0.00","0.21","0.15",""
"411","0.2137","0.0112","0.0004","0.0340","0.0338","0.0000","0.0921","0.5564","0.0584","1.0000"
"","0.07","0.01","0.00","0.02","0.03","0.00","0.03","0.07","0.02",""
"412","0.4611","0.0000","0.0000","0.0353","0.0083","0.0140","0.2401","0.2078","0.0334","1.0000"
"","0.11","0.00","0.00","0.02","0.01","0.01","0.05","0.09","0.02",""
"413","0.0879","0.0109","0.0009","0.0334","0.0000","0.0104","0.3148","0.4915","0.0502","1.0000"
"","0.05","0.01","0.00","0.03","0.00","0.01","0.14","0.12","0.03",""
"414","0.1518","0.0000","0.0000","0.1689","0.0162","0.0156","0.2051","0.4179","0.0244","1.0000"
"","0.06","0.00","0.00","0.14","0.02","0.02","0.06","0.12","0.02",""
"419","0.3156","0.0025","0.0000","0.0597","0.0304","0.0169","0.2155","0.2494","0.1099","1.0000"
"","0.05","0.00","0.00","0.02","0.01","0.01","0.03","0.04","0.05",""
"421","0.1490","0.0000","0.0000","0.0604","0.0528","0.0000","0.1685","0.4741","0.0952","1.0000"
"","0.07","0.00","0.00","0.05","0.05","0.00","0.06","0.10","0.03",""
"422","0.1753","0.0000","0.0000","0.0236","0.0000","0.0000","0.1369","0.5124","0.1519","1.0000"
"","0.13","0.00","0.00","0.03","0.00","0.00","0.09","0.19","0.09",""
"Total","0.2078","0.0085","0.0213","0.0369","0.0345","0.0152","0.2219","0.3444","0.1095","1.0000"
"","0.02","0.00","0.01","0.01","0.01","0.00","0.03","0.03","0.03",""
"N","5240","","","","","","","","",""
"","p_socsec","","","","","","","","",""
"","1","2","3","4","5","6","7","8","9","Total"
"","b/se","b/se","b/se","b/se","b/se","b/se","b/se","b/se","b/se","b/se"
"111","0.0920","0.0000","0.0000","0.0000","0.0000","0.0000","0.2542","0.6391","0.0148","1.0000"
"","0.07","0.00","0.00","0.00","0.00","0.00","0.21","0.18","0.02",""
"112","0.3596","0.0001","0.0033","0.0498","0.0802","0.0144","0.2956","0.1229","0.0741","1.0000"
"","0.08","0.00","0.00","0.01","0.02","0.01","0.05","0.03","0.03",""
"113","0.0000","0.0000","0.0000","0.0000","0.0000","0.0000","0.0000","1.0000","0.0000","1.0000"
"","0.00","0.00","0.00","0.00","0.00","0.00","0.00","0.00","0.00",""
"114","0.1472","0.0143","0.0000","0.0037","0.0000","0.0000","0.4603","0.0371","0.3373","1.0000"
"","0.06","0.02","0.00","0.00","0.00","0.00","0.13","0.03","0.10",""
"121","0.0976","0.0021","0.0044","0.0618","0.0359","0.0000","0.2239","0.4974","0.0769","1.0000"
"","0.05","0.00","0.00","0.03","0.01","0.00","0.08","0.15","0.04",""
"122","0.1689","0.0069","0.0263","0.0591","0.0982","0.0225","0.3266","0.2251","0.0664","1.0000"
"","0.03","0.00","0.02","0.02","0.03","0.01","0.03","0.03","0.02",""
"123","0.1528","0.0000","0.0095","0.0728","0.1294","0.0323","0.2746","0.2644","0.0642","1.0000"
"","0.05","0.00","0.01","0.02","0.02","0.01","0.02","0.03","0.01",""
"130","0.2642","0.0198","0.0066","0.0621","0.0656","0.0211","0.3582","0.1512","0.0512","1.0000"
"","0.08","0.01","0.01","0.02","0.02","0.02","0.03","0.05","0.01",""
"211","0.3615","0.0000","0.0000","0.0845","0.0536","0.0007","0.2522","0.2007","0.0469","1.0000"
"","0.17","0.00","0.00","0.08","0.04","0.00","0.13","0.06","0.04",""
"212","0.3197","0.0000","0.0172","0.1597","0.0647","0.0000","0.3510","0.0357","0.0521","1.0000"
"","0.09","0.00","0.02","0.06","0.03","0.00","0.13","0.03","0.06",""
"213","0.1258","0.0042","0.0024","0.0843","0.1099","0.0368","0.4071","0.1692","0.0604","1.0000"
"","0.03","0.00","0.00","0.02","0.03","0.01","0.06","0.05","0.02",""
"214","0.1664","0.0013","0.0096","0.0755","0.0904","0.0180","0.4236","0.1375","0.0776","1.0000"
"","0.02","0.00","0.00","0.01","0.02","0.01","0.03","0.02","0.03",""
"221","0.2535","0.0000","0.0412","0.0514","0.0009","0.0000","0.4678","0.0828","0.1024","1.0000"
"","0.09","0.00","0.04","0.05","0.00","0.00","0.08","0.05","0.08",""
"222","0.1101","0.0005","0.0188","0.0387","0.0939","0.0095","0.3239","0.3419","0.0628","1.0000"
"","0.03","0.00","0.01","0.02","0.02","0.01","0.07","0.06","0.02",""
"223","0.1336","0.0057","0.0277","0.0465","0.1059","0.0366","0.2198","0.3229","0.1013","1.0000"
"","0.03","0.01","0.02","0.03","0.03","0.02","0.04","0.04","0.02",""
"231","0.2275","0.0076","0.0022","0.0473","0.0966","0.0116","0.3178","0.2338","0.0556","1.0000"
"","0.03","0.00","0.00","0.01","0.03","0.01","0.04","0.04","0.01",""
"232","0.1574","0.0117","0.0107","0.0480","0.0664","0.0071","0.2856","0.3408","0.0723","1.0000"
"","0.03","0.01","0.01","0.01","0.01","0.00","0.04","0.04","0.02",""
"233","0.1473","0.0019","0.0191","0.0998","0.0088","0.0185","0.1569","0.4590","0.0888","1.0000"
"","0.03","0.00","0.01","0.03","0.00","0.01","0.03","0.06","0.03",""
"241","0.0947","0.0002","0.0081","0.0639","0.1136","0.0216","0.2140","0.3299","0.1540","1.0000"
"","0.02","0.00","0.00","0.02","0.03","0.01","0.03","0.04","0.04",""
"242","0.3220","0.0000","0.0000","0.0337","0.0485","0.0010","0.3237","0.1953","0.0758","1.0000"
"","0.15","0.00","0.00","0.03","0.04","0.00","0.10","0.06","0.04",""
"243","0.1808","0.0000","0.0000","0.0339","0.2598","0.0295","0.0106","0.1825","0.3029","1.0000"
"","0.15","0.00","0.00","0.03","0.13","0.03","0.01","0.12","0.22",""
"244","0.1448","0.0351","0.0000","0.0278","0.0189","0.0355","0.5110","0.1862","0.0405","1.0000"
"","0.07","0.04","0.00","0.02","0.02","0.03","0.10","0.07","0.03",""
"245","0.1334","0.0002","0.0000","0.0296","0.0917","0.0336","0.1203","0.3978","0.1934","1.0000"
"","0.05","0.00","0.00","0.03","0.02","0.02","0.06","0.06","0.08",""
"246","0.0000","0.0347","0.0045","0.0021","0.0000","0.0119","0.0334","0.7388","0.1745","1.0000"
"","0.00","0.02","0.00","0.00","0.00","0.01","0.02","0.08","0.07",""
"311","0.1855","0.0033","0.0302","0.1113","0.0544","0.0077","0.3749","0.2061","0.0265","1.0000"
"","0.04","0.00","0.02","0.04","0.02","0.00","0.03","0.04","0.01",""
"312","0.0900","0.0008","0.0074","0.0462","0.1449","0.0200","0.3041","0.2852","0.1013","1.0000"
"","0.02","0.00","0.00","0.01","0.03","0.01","0.07","0.08","0.04",""
"313","0.0591","0.0000","0.0087","0.0416","0.0619","0.0184","0.1985","0.4502","0.1616","1.0000"
"","0.03","0.00","0.01","0.02","0.03","0.01","0.07","0.05","0.06",""
"314","0.1559","0.0908","0.0000","0.0770","0.0344","0.0000","0.4632","0.0523","0.1264","1.0000"
"","0.14","0.09","0.00","0.08","0.03","0.00","0.18","0.04","0.12",""
"315","0.1906","0.0000","0.0430","0.0608","0.0567","0.0173","0.4139","0.1869","0.0309","1.0000"
"","0.07","0.00","0.03","0.04","0.04","0.02","0.11","0.10","0.03",""
"321","0.0478","0.0030","0.0000","0.0038","0.1125","0.0000","0.2061","0.4450","0.1818","1.0000"
"","0.03","0.00","0.00","0.00","0.09","0.00","0.10","0.11","0.07",""
"322","0.2393","0.0088","0.0151","0.0369","0.0284","0.0068","0.2044","0.3652","0.0949","1.0000"
"","0.05","0.01","0.01","0.01","0.02","0.00","0.06","0.04","0.04",""
"323","0.1206","0.0112","0.0433","0.0597","0.0480","0.0014","0.2267","0.4287","0.0605","1.0000"
"","0.03","0.01","0.03","0.02","0.02","0.00","0.04","0.05","0.02",""
"324","0.2777","0.1088","0.0144","0.0000","0.0343","0.0000","0.3165","0.1856","0.0627","1.0000"
"","0.10","0.09","0.01","0.00","0.03","0.00","0.13","0.07","0.06",""
"331","0.1891","0.0078","0.0049","0.0314","0.0423","0.0158","0.2959","0.3635","0.0493","1.0000"
"","0.03","0.01","0.00","0.01","0.01","0.00","0.04","0.05","0.01",""
"332","0.1005","0.0121","0.0305","0.0134","0.1783","0.0062","0.1745","0.3867","0.0978","1.0000"
"","0.02","0.01","0.01","0.01","0.10","0.00","0.04","0.08","0.03",""
"333","0.1486","0.0000","0.0026","0.0000","0.0054","0.0000","0.5057","0.2993","0.0383","1.0000"
"","0.05","0.00","0.00","0.00","0.01","0.00","0.12","0.12","0.03",""
"334","0.3455","0.0375","0.0000","0.0608","0.0113","0.0013","0.0848","0.2613","0.1976","1.0000"
"","0.09","0.03","0.00","0.04","0.01","0.00","0.04","0.10","0.10",""
"341","0.1846","0.0126","0.0113","0.0615","0.0908","0.0101","0.2219","0.2950","0.1123","1.0000"
"","0.03","0.01","0.01","0.02","0.02","0.00","0.04","0.04","0.02",""
"342","0.2076","0.0130","0.0000","0.0573","0.1450","0.0393","0.1178","0.3577","0.0623","1.0000"
"","0.06","0.01","0.00","0.05","0.08","0.02","0.04","0.09","0.03",""
"343","0.2130","0.0000","0.0189","0.0607","0.0818","0.0211","0.3306","0.1897","0.0842","1.0000"
"","0.04","0.00","0.01","0.03","0.05","0.01","0.05","0.04","0.03",""
"344","0.2133","0.0000","0.0000","0.0542","0.0513","0.0008","0.5695","0.0757","0.0351","1.0000"
"","0.06","0.00","0.00","0.05","0.03","0.00","0.07","0.04","0.03",""
"345","0.2077","0.0000","0.0000","0.0026","0.0942","0.0050","0.6608","0.0083","0.0213","1.0000"
"","0.07","0.00","0.00","0.00","0.03","0.00","0.08","0.01","0.01",""
"346","0.0680","0.0120","0.0027","0.0128","0.0388","0.0165","0.1149","0.5824","0.1520","1.0000"
"","0.04","0.01","0.00","0.01","0.03","0.02","0.05","0.08","0.06",""
"347","0.1152","0.0081","0.0000","0.0000","0.0429","0.0126","0.0992","0.7035","0.0186","1.0000"
"","0.05","0.01","0.00","0.00","0.02","0.01","0.05","0.08","0.01",""
"348","0.0000","0.0000","0.0000","0.0000","0.0000","0.0000","0.0162","0.8449","0.1389","1.0000"
"","0.00","0.00","0.00","0.00","0.00","0.00","0.02","0.13","0.13",""
"411","0.1436","0.0063","0.0049","0.0389","0.0629","0.0186","0.3548","0.3213","0.0486","1.0000"
"","0.03","0.01","0.00","0.01","0.01","0.01","0.06","0.05","0.02",""
"412","0.1651","0.0000","0.0191","0.0593","0.0540","0.0313","0.2556","0.3546","0.0610","1.0000"
"","0.03","0.00","0.01","0.02","0.01","0.02","0.04","0.04","0.01",""
"413","0.1013","0.0150","0.0340","0.0300","0.0266","0.0000","0.2813","0.4128","0.0989","1.0000"
"","0.03","0.01","0.03","0.02","0.01","0.00","0.07","0.06","0.04",""
"414","0.1421","0.0000","0.0127","0.0983","0.0428","0.0266","0.3894","0.2529","0.0352","1.0000"
"","0.06","0.00","0.01","0.04","0.02","0.02","0.12","0.07","0.03",""
"419","0.2247","0.0038","0.0043","0.0535","0.0692","0.0210","0.2908","0.2570","0.0757","1.0000"
"","0.03","0.00","0.00","0.01","0.02","0.01","0.03","0.04","0.02",""
"421","0.1648","0.0035","0.0043","0.0317","0.0417","0.0318","0.3093","0.3125","0.1004","1.0000"
"","0.02","0.00","0.00","0.01","0.01","0.02","0.04","0.04","0.03",""
"422","0.1801","0.0000","0.0068","0.0223","0.1675","0.0626","0.0972","0.4273","0.0362","1.0000"
"","0.05","0.00","0.00","0.01","0.04","0.06","0.03","0.06","0.01",""
"Total","0.1745","0.0057","0.0106","0.0526","0.0789","0.0187","0.2935","0.2885","0.0771","1.0000"
"","0.01","0.00","0.00","0.01","0.01","0.00","0.02","0.02","0.01",""
"N","13492","","","","","","","","",""
"","p_socsec","","","","","","","","",""
"","1","2","3","4","5","6","7","8","9","Total"
"","b/se","b/se","b/se","b/se","b/se","b/se","b/se","b/se","b/se","b/se"
"511","0.0170","0.0000","0.0000","0.0155","0.0000","0.0000","0.0619","0.8226","0.0829","1.0000"
"","0.01","0.00","0.00","0.02","0.00","0.00","0.04","0.09","0.06",""
"512","0.0127","0.0028","0.0032","0.0017","0.0005","0.0044","0.0218","0.8085","0.1444","1.0000"
"","0.01","0.00","0.00","0.00","0.00","0.00","0.01","0.05","0.05",""
"513","0.1674","0.0015","0.0180","0.0496","0.0161","0.0079","0.1676","0.5069","0.0649","1.0000"
"","0.04","0.00","0.01","0.03","0.01","0.01","0.03","0.04","0.02",""
"514","0.1096","0.0365","0.0000","0.0000","0.0000","0.0051","0.0489","0.6883","0.1115","1.0000"
"","0.07","0.03","0.00","0.00","0.00","0.00","0.04","0.11","0.07",""
"515","0.0000","0.0000","0.0000","0.0000","0.0000","0.0000","0.0000","0.6014","0.3986","1.0000"
"","0.00","0.00","0.00","0.00","0.00","0.00","0.00","0.34","0.34",""
"516","0.1507","0.0000","0.0416","0.0386","0.0397","0.0106","0.3458","0.2387","0.1341","1.0000"
"","0.03","0.00","0.04","0.02","0.02","0.01","0.07","0.04","0.03",""
"521","0.0000","0.0000","0.0000","0.0000","0.0000","0.0000","0.0000","1.0000","0.0000","1.0000"
"","0.00","0.00","0.00","0.00","0.00","0.00","0.00","0.00","0.00",""
"522","0.0283","0.0020","0.0170","0.0027","0.0011","0.0000","0.0101","0.7911","0.1477","1.0000"
"","0.02","0.00","0.01","0.00","0.00","0.00","0.01","0.06","0.07",""
"523","0.1468","0.0003","0.0651","0.0078","0.0000","0.0036","0.0268","0.5485","0.2012","1.0000"
"","0.08","0.00","0.06","0.01","0.00","0.00","0.02","0.05","0.07",""
"611","0.0208","0.0000","0.0000","0.0399","0.0001","0.0000","0.1118","0.7527","0.0747","1.0000"
"","0.01","0.00","0.00","0.03","0.00","0.00","0.07","0.07","0.02",""
"612","0.0101","0.0000","0.0000","0.0000","0.0000","0.0000","0.1017","0.8373","0.0509","1.0000"
"","0.01","0.00","0.00","0.00","0.00","0.00","0.09","0.12","0.04",""
"613","0.0000","0.0000","0.0000","0.0000","0.0000","0.0000","0.0000","0.8848","0.1152","1.0000"
"","0.00","0.00","0.00","0.00","0.00","0.00","0.00","0.14","0.14",""
"614","0.0459","0.0000","0.0000","0.0000","0.0000","0.0022","0.1165","0.6697","0.1656","1.0000"
"","0.03","0.00","0.00","0.00","0.00","0.00","0.06","0.10","0.08",""
"615","0.0000","0.0000","0.0000","0.0000","0.0000","0.0000","0.0023","0.9329","0.0648","1.0000"
"","0.00","0.00","0.00","0.00","0.00","0.00","0.00","0.07","0.07",""
"620","0.0000","0.0000","0.0000","0.0528","0.0000","0.0000","0.0000","0.8980","0.0493","1.0000"
"","0.00","0.00","0.00","0.05","0.00","0.00","0.00","0.06","0.03",""
"711","0.0000","0.0000","0.0000","0.0000","0.0263","0.0000","0.1285","0.6999","0.1452","1.0000"
"","0.00","0.00","0.00","0.00","0.03","0.00","0.11","0.08","0.08",""
"712","0.0006","0.0074","0.0000","0.0000","0.0000","0.0000","0.0009","0.8303","0.1608","1.0000"
"","0.00","0.01","0.00","0.00","0.00","0.00","0.00","0.09","0.09",""
"713","0.0143","0.0081","0.0000","0.0016","0.0019","0.0001","0.0343","0.5440","0.3958","1.0000"
"","0.01","0.01","0.00","0.00","0.00","0.00","0.02","0.19","0.21",""
"714","0.0006","0.0000","0.0002","0.0000","0.0001","0.0001","0.0050","0.8640","0.1301","1.0000"
"","0.00","0.00","0.00","0.00","0.00","0.00","0.00","0.05","0.05",""
"721","0.0268","0.0002","0.0120","0.0305","0.0232","0.0000","0.0648","0.7029","0.1397","1.0000"
"","0.01","0.00","0.01","0.02","0.01","0.00","0.04","0.06","0.05",""
"722","0.0105","0.0000","0.0000","0.0000","0.0216","0.0000","0.0000","0.9337","0.0341","1.0000"
"","0.01","0.00","0.00","0.00","0.03","0.00","0.00","0.05","0.03",""
"723","0.1254","0.0061","0.0307","0.0030","0.0260","0.0002","0.0823","0.6609","0.0654","1.0000"
"","0.04","0.01","0.03","0.00","0.02","0.00","0.02","0.06","0.03",""
"724","0.1695","0.0030","0.0000","0.0422","0.0065","0.0045","0.0865","0.5988","0.0892","1.0000"
"","0.05","0.00","0.00","0.02","0.00","0.00","0.03","0.05","0.04",""
"731","0.0000","0.0000","0.0000","0.0000","0.0000","0.0000","0.0390","0.9269","0.0340","1.0000"
"","0.00","0.00","0.00","0.00","0.00","0.00","0.04","0.04","0.02",""
"732","0.0033","0.0000","0.0000","0.0000","0.0000","0.0000","0.0000","0.8995","0.0971","1.0000"
"","0.00","0.00","0.00","0.00","0.00","0.00","0.00","0.08","0.08",""
"733","0.0000","0.0000","0.0000","0.0000","0.0000","0.0000","0.0000","0.8414","0.1586","1.0000"
"","0.00","0.00","0.00","0.00","0.00","0.00","0.00","0.13","0.13",""
"734","0.0032","0.0000","0.0000","0.0000","0.0000","0.0000","0.0172","0.9796","0.0000","1.0000"
"","0.00","0.00","0.00","0.00","0.00","0.00","0.02","0.02","0.00",""
"741","0.0423","0.0160","0.0000","0.0017","0.0014","0.0121","0.0117","0.7032","0.2116","1.0000"
"","0.02","0.01","0.00","0.00","0.00","0.01","0.01","0.06","0.05",""
"742","0.0017","0.0000","0.0000","0.0000","0.0000","0.0000","0.0000","0.8685","0.1298","1.0000"
"","0.00","0.00","0.00","0.00","0.00","0.00","0.00","0.10","0.10",""
"743","0.0341","0.0004","0.0000","0.0010","0.0121","0.0113","0.0086","0.8328","0.0997","1.0000"
"","0.02","0.00","0.00","0.00","0.01","0.01","0.00","0.07","0.05",""
"744","0.3905","0.0000","0.0000","0.0000","0.0212","0.0000","0.0755","0.5128","0.0000","1.0000"
"","0.19","0.00","0.00","0.00","0.02","0.00","0.06","0.25","0.00",""
"811","0.0279","0.0000","0.0785","0.0428","0.0301","0.0000","0.0407","0.7799","0.0000","1.0000"
"","0.02","0.00","0.08","0.04","0.03","0.00","0.03","0.12","0.00",""
"812","0.0631","0.0000","0.0000","0.0005","0.0603","0.0000","0.5618","0.2802","0.0341","1.0000"
"","0.06","0.00","0.00","0.00","0.06","0.00","0.27","0.18","0.04",""
"813","0.0000","0.0000","0.0042","0.0000","0.0000","0.0000","0.0095","0.9786","0.0076","1.0000"
"","0.00","0.00","0.00","0.00","0.00","0.00","0.01","0.02","0.01",""
"814","0.0573","0.0000","0.0000","0.1196","0.0045","0.0000","0.0000","0.7063","0.1123","1.0000"
"","0.04","0.00","0.00","0.08","0.00","0.00","0.00","0.11","0.11",""
"815","0.0835","0.1177","0.0000","0.0475","0.0000","0.0000","0.1511","0.4731","0.1271","1.0000"
"","0.06","0.07","0.00","0.03","0.00","0.00","0.10","0.14","0.09",""
"816","0.2501","0.0000","0.0000","0.3415","0.0136","0.0006","0.0937","0.2834","0.0171","1.0000"
"","0.09","0.00","0.00","0.18","0.01","0.00","0.05","0.10","0.01",""
"817","1.0000","0.0000","0.0000","0.0000","0.0000","0.0000","0.0000","0.0000","0.0000","1.0000"
"","0.00","0.00","0.00","0.00","0.00","0.00","0.00","0.00","0.00",""
"821","0.2937","0.0000","0.0000","0.0308","0.0473","0.0000","0.2423","0.3311","0.0547","1.0000"
"","0.16","0.00","0.00","0.03","0.04","0.00","0.10","0.11","0.05",""
"822","0.3134","0.0000","0.0308","0.0000","0.2891","0.0000","0.0574","0.1192","0.1901","1.0000"
"","0.22","0.00","0.03","0.00","0.16","0.00","0.04","0.09","0.10",""
"823","0.1466","0.0000","0.0000","0.0443","0.0056","0.0000","0.0905","0.4572","0.2559","1.0000"
"","0.09","0.00","0.00","0.03","0.01","0.00","0.09","0.17","0.15",""
"824","0.0000","0.0000","0.0000","0.0000","0.0000","0.0000","0.0382","0.8563","0.1055","1.0000"
"","0.00","0.00","0.00","0.00","0.00","0.00","0.04","0.04","0.02",""
"825","0.0000","0.0000","0.0000","0.0000","0.0267","0.0000","0.0022","0.9711","0.0000","1.0000"
"","0.00","0.00","0.00","0.00","0.03","0.00","0.00","0.03","0.00",""
"826","0.0292","0.0000","0.0068","0.0129","0.0000","0.0000","0.0114","0.5778","0.3620","1.0000"
"","0.02","0.00","0.01","0.01","0.00","0.00","0.01","0.21","0.23",""
"827","0.0338","0.0000","0.0000","0.0811","0.0212","0.0000","0.0499","0.7538","0.0602","1.0000"
"","0.01","0.00","0.00","0.06","0.02","0.00","0.03","0.09","0.03",""
"828","0.0000","0.0000","0.0000","0.0046","0.0000","0.0000","0.0000","0.9702","0.0252","1.0000"
"","0.00","0.00","0.00","0.01","0.00","0.00","0.00","0.03","0.03",""
"829","0.1147","0.0000","0.0000","0.0394","0.0158","0.0063","0.1591","0.6137","0.0510","1.0000"
"","0.05","0.00","0.00","0.03","0.01","0.01","0.09","0.16","0.04",""
"831","0.0769","0.0032","0.0000","0.0000","0.4669","0.0000","0.0695","0.3609","0.0225","1.0000"
"","0.06","0.00","0.00","0.00","0.22","0.00","0.07","0.13","0.02",""
"832","0.0186","0.0053","0.0015","0.0075","0.0156","0.0001","0.0223","0.7856","0.1435","1.0000"
"","0.01","0.00","0.00","0.00","0.01","0.00","0.01","0.03","0.03",""
"833","0.0119","0.0000","0.0000","0.0000","0.0050","0.0025","0.0160","0.7662","0.1985","1.0000"
"","0.01","0.00","0.00","0.00","0.00","0.00","0.01","0.09","0.09",""
"834","0.0207","0.0000","0.0000","0.0000","0.0000","0.0000","0.0850","0.0969","0.7973","1.0000"
"","0.03","0.00","0.00","0.00","0.00","0.00","0.10","0.12","0.19",""
"911","0.0000","0.0000","0.0000","0.0000","0.0064","0.0000","0.0036","0.4227","0.5672","1.0000"
"","0.00","0.00","0.00","0.00","0.01","0.00","0.00","0.17","0.17",""
"912","0.6110","0.0000","0.0000","0.0000","0.0000","0.0000","0.0000","0.3890","0.0000","1.0000"
"","0.33","0.00","0.00","0.00","0.00","0.00","0.00","0.33","0.00",""
"913","0.0310","0.0000","0.0196","0.0130","0.0112","0.0053","0.0072","0.8386","0.0742","1.0000"
"","0.02","0.00","0.01","0.01","0.01","0.01","0.00","0.05","0.04",""
"914","0.0373","0.0080","0.0000","0.0074","0.0807","0.0000","0.0299","0.6363","0.2004","1.0000"
"","0.03","0.01","0.00","0.01","0.06","0.00","0.03","0.17","0.13",""
"915","0.0916","0.0001","0.0000","0.0433","0.0515","0.0015","0.0967","0.5499","0.1655","1.0000"
"","0.03","0.00","0.00","0.02","0.02","0.00","0.03","0.06","0.08",""
"916","0.1340","0.0000","0.0056","0.0096","0.0249","0.0003","0.2119","0.5677","0.0461","1.0000"
"","0.06","0.00","0.00","0.01","0.01","0.00","0.07","0.08","0.02",""
"920","0.0043","0.0000","0.0000","0.0023","0.0004","0.0000","0.0020","0.9082","0.0828","1.0000"
"","0.00","0.00","0.00","0.00","0.00","0.00","0.00","0.03","0.03",""
"931","0.0019","0.0031","0.0046","0.0002","0.0001","0.0001","0.0013","0.8641","0.1246","1.0000"
"","0.00","0.00","0.00","0.00","0.00","0.00","0.00","0.04","0.04",""
"932","0.0547","0.0008","0.0017","0.0157","0.0288","0.0013","0.0340","0.6502","0.2129","1.0000"
"","0.02","0.00","0.00","0.01","0.01","0.00","0.02","0.12","0.13",""
"933","0.0174","0.0016","0.0013","0.0069","0.0121","0.0000","0.0200","0.7573","0.1833","1.0000"
"","0.01","0.00","0.00","0.01","0.01","0.00","0.01","0.09","0.09",""
"970","0.0000","0.0000","0.0000","0.0000","0.0000","0.0000","0.0000","0.0000","1.0000","1.0000"
"","0.00","0.00","0.00","0.00","0.00","0.00","0.00","0.00","0.00",""
"980","0.0000","0.0000","0.0000","0.0000","0.0733","0.0000","0.0060","0.3229","0.5978","1.0000"
"","0.00","0.00","0.00","0.00","0.08","0.00","0.01","0.21","0.27",""
"990","0.2263","0.0000","0.0000","0.0000","0.0000","0.0000","0.0000","0.5546","0.2191","1.0000"
"","0.21","0.00","0.00","0.00","0.00","0.00","0.00","0.27","0.21",""
"Total","0.0251","0.0030","0.0045","0.0069","0.0078","0.0011","0.0251","0.7874","0.1391","1.0000"
"","0.01","0.00","0.00","0.00","0.00","0.00","0.00","0.05","0.05",""
"N","16922","","","","","","","","",""
"","p_socsec","","","","","","","","",""
"","1","2","3","4","5","6","7","8","9","Total"
"","b/se","b/se","b/se","b/se","b/se","b/se","b/se","b/se","b/se","b/se"
"511","0.0800","0.0052","0.0000","0.0135","0.0378","0.0151","0.2672","0.5622","0.0189","1.0000"
"","0.03","0.01","0.00","0.01","0.02","0.01","0.05","0.08","0.01",""
"512","0.0202","0.0023","0.0027","0.0139","0.0098","0.0032","0.0404","0.7736","0.1339","1.0000"
"","0.01","0.00","0.00","0.01","0.00","0.00","0.02","0.03","0.02",""
"513","0.1352","0.0015","0.0064","0.0301","0.0601","0.0206","0.1858","0.4747","0.0855","1.0000"
"","0.02","0.00","0.01","0.01","0.02","0.01","0.02","0.05","0.02",""
"514","0.0536","0.0112","0.0005","0.0088","0.0201","0.0035","0.0536","0.7032","0.1454","1.0000"
"","0.01","0.01","0.00","0.01","0.01","0.00","0.01","0.05","0.05",""
"515","0.0000","0.0000","0.0000","0.0000","0.0000","0.0000","0.0000","1.0000","0.0000","1.0000"
"","0.00","0.00","0.00","0.00","0.00","0.00","0.00","0.00","0.00",""
"516","0.1778","0.0047","0.0022","0.0410","0.0440","0.0181","0.3745","0.2780","0.0597","1.0000"
"","0.03","0.00","0.00","0.01","0.01","0.01","0.06","0.04","0.02",""
"521","0.0000","0.0000","0.0000","0.0000","0.0000","0.0000","0.0000","0.4922","0.5078","1.0000"
"","0.00","0.00","0.00","0.00","0.00","0.00","0.00","0.20","0.20",""
"522","0.0259","0.0057","0.0107","0.0160","0.0095","0.0033","0.0168","0.8245","0.0878","1.0000"
"","0.01","0.00","0.00","0.00","0.00","0.00","0.01","0.03","0.02",""
"523","0.0665","0.0115","0.0018","0.0336","0.0146","0.0206","0.0447","0.6387","0.1682","1.0000"
"","0.03","0.01","0.00","0.01","0.01","0.02","0.02","0.04","0.05",""
"611","0.0275","0.0008","0.0023","0.0045","0.0263","0.0000","0.0653","0.8309","0.0425","1.0000"
"","0.02","0.00","0.00","0.00","0.02","0.00","0.04","0.07","0.02",""
"612","0.0138","0.0438","0.0000","0.0507","0.0297","0.0000","0.0993","0.7194","0.0433","1.0000"
"","0.01","0.04","0.00","0.04","0.02","0.00","0.06","0.05","0.02",""
"614","0.2668","0.0000","0.0000","0.0698","0.0453","0.0154","0.1008","0.4430","0.0588","1.0000"
"","0.12","0.00","0.00","0.07","0.03","0.01","0.05","0.11","0.06",""
"615","0.0000","0.0000","0.0000","0.0408","0.0000","0.0000","0.0000","0.8826","0.0766","1.0000"
"","0.00","0.00","0.00","0.04","0.00","0.00","0.00","0.09","0.06",""
"620","0.0016","0.0000","0.0000","0.0000","0.0000","0.0000","0.0000","0.9816","0.0168","1.0000"
"","0.00","0.00","0.00","0.00","0.00","0.00","0.00","0.02","0.02",""
"711","0.0255","0.0000","0.0000","0.0000","0.0059","0.0000","0.0830","0.7900","0.0957","1.0000"
"","0.02","0.00","0.00","0.00","0.00","0.00","0.07","0.12","0.07",""
"712","0.0053","0.0011","0.0008","0.0009","0.0008","0.0000","0.0058","0.8652","0.1200","1.0000"
"","0.00","0.00","0.00","0.00","0.00","0.00","0.00","0.05","0.05",""
"713","0.0297","0.0040","0.0092","0.0127","0.0137","0.0058","0.0419","0.7875","0.0953","1.0000"
"","0.01","0.00","0.01","0.01","0.01","0.00","0.01","0.04","0.03",""
"714","0.0059","0.0000","0.0001","0.0003","0.0006","0.0005","0.0079","0.8807","0.1042","1.0000"
"","0.00","0.00","0.00","0.00","0.00","0.00","0.00","0.04","0.04",""
"721","0.0365","0.0075","0.0102","0.0197","0.0211","0.0035","0.0494","0.6758","0.1763","1.0000"
"","0.01","0.01","0.01","0.01","0.01","0.00","0.02","0.07","0.06",""
"722","0.0737","0.0000","0.0000","0.0487","0.0726","0.0000","0.0817","0.5570","0.1662","1.0000"
"","0.04","0.00","0.00","0.04","0.04","0.00","0.04","0.12","0.11",""
"723","0.0669","0.0022","0.0226","0.0250","0.0378","0.0109","0.1047","0.6625","0.0674","1.0000"
"","0.01","0.00","0.01","0.01","0.01","0.01","0.02","0.04","0.01",""
"724","0.1129","0.0000","0.0185","0.0273","0.0690","0.0066","0.1404","0.5527","0.0726","1.0000"
"","0.03","0.00","0.01","0.01","0.02","0.00","0.03","0.04","0.02",""
"731","0.0230","0.0000","0.0000","0.0041","0.0078","0.0096","0.0223","0.8398","0.0934","1.0000"
"","0.02","0.00","0.00","0.00","0.01","0.00","0.02","0.08","0.06",""
"732","0.0000","0.0000","0.0000","0.0000","0.0000","0.0000","0.1898","0.7942","0.0161","1.0000"
"","0.00","0.00","0.00","0.00","0.00","0.00","0.13","0.14","0.01",""
"733","0.0240","0.0319","0.0000","0.0000","0.0045","0.0000","0.0000","0.7912","0.1485","1.0000"
"","0.02","0.03","0.00","0.00","0.00","0.00","0.00","0.08","0.06",""
"734","0.0336","0.0268","0.0276","0.0110","0.0052","0.0000","0.0374","0.5904","0.2680","1.0000"
"","0.03","0.03","0.03","0.01","0.01","0.00","0.01","0.11","0.10",""
"741","0.0396","0.0085","0.0095","0.0183","0.0133","0.0160","0.0301","0.7853","0.0791","1.0000"
"","0.02","0.01","0.01","0.01","0.01","0.02","0.02","0.04","0.03",""
"742","0.0020","0.0000","0.0000","0.0000","0.0057","0.0058","0.0384","0.7570","0.1910","1.0000"
"","0.00","0.00","0.00","0.00","0.01","0.00","0.02","0.10","0.09",""
"743","0.0422","0.0032","0.0083","0.0195","0.0393","0.0023","0.0419","0.7719","0.0714","1.0000"
"","0.01","0.00","0.00","0.01","0.02","0.00","0.02","0.04","0.02",""
"744","0.0853","0.0000","0.0213","0.0451","0.0164","0.0000","0.0104","0.5798","0.2418","1.0000"
"","0.05","0.00","0.02","0.03","0.01","0.00","0.01","0.12","0.15",""
"811","0.1245","0.0432","0.0000","0.0000","0.0540","0.0000","0.2889","0.4607","0.0287","1.0000"
"","0.05","0.04","0.00","0.00","0.03","0.00","0.10","0.08","0.02",""
"812","0.1218","0.0000","0.0043","0.0392","0.1324","0.0264","0.1978","0.4374","0.0407","1.0000"
"","0.04","0.00","0.00","0.03","0.06","0.03","0.11","0.10","0.02",""
"813","0.0000","0.0000","0.0000","0.0155","0.0000","0.0598","0.0745","0.5583","0.2920","1.0000"
"","0.00","0.00","0.00","0.02","0.00","0.06","0.05","0.15","0.16",""
"814","0.0367","0.0000","0.0000","0.0268","0.0012","0.0000","0.0521","0.7402","0.1431","1.0000"
"","0.03","0.00","0.00","0.02","0.00","0.00","0.04","0.14","0.12",""
"815","0.1076","0.0000","0.0000","0.0711","0.1683","0.0009","0.1248","0.1882","0.3390","1.0000"
"","0.06","0.00","0.00","0.04","0.07","0.00","0.06","0.09","0.21",""
"816","0.1857","0.0000","0.0197","0.0954","0.0978","0.0012","0.2816","0.2803","0.0383","1.0000"
"","0.05","0.00","0.02","0.04","0.03","0.00","0.06","0.05","0.02",""
"817","0.1000","0.0000","0.0000","0.0000","0.1543","0.5909","0.0000","0.1547","0.0000","1.0000"
"","0.11","0.00","0.00","0.00","0.16","0.28","0.00","0.16","0.00",""
"821","0.1050","0.0130","0.0113","0.0609","0.1561","0.0003","0.1884","0.3695","0.0954","1.0000"
"","0.03","0.01","0.01","0.02","0.06","0.00","0.03","0.06","0.04",""
"822","0.2417","0.0000","0.0102","0.0088","0.1060","0.0348","0.1840","0.3820","0.0325","1.0000"
"","0.10","0.00","0.01","0.01","0.05","0.02","0.07","0.09","0.02",""
"823","0.1921","0.0004","0.0000","0.0548","0.0188","0.0170","0.0901","0.5414","0.0855","1.0000"
"","0.07","0.00","0.00","0.03","0.01","0.02","0.05","0.06","0.03",""
"824","0.0387","0.0000","0.0000","0.0043","0.0000","0.0000","0.0716","0.8678","0.0177","1.0000"
"","0.04","0.00","0.00","0.00","0.00","0.00","0.06","0.07","0.02",""
"825","0.0298","0.1152","0.0000","0.0068","0.0820","0.0000","0.1147","0.4544","0.1970","1.0000"
"","0.01","0.09","0.00","0.01","0.05","0.00","0.07","0.12","0.08",""
"826","0.0958","0.0000","0.0061","0.0257","0.0771","0.0000","0.0344","0.6901","0.0708","1.0000"
"","0.03","0.00","0.00","0.01","0.05","0.00","0.02","0.09","0.02",""
"827","0.1454","0.0013","0.0000","0.0222","0.0295","0.0000","0.0595","0.6874","0.0546","1.0000"
"","0.05","0.00","0.00","0.01","0.02","0.00","0.03","0.07","0.03",""
"828","0.0663","0.0388","0.0000","0.0152","0.1240","0.0024","0.0928","0.5225","0.1380","1.0000"
"","0.05","0.03","0.00","0.01","0.06","0.00","0.06","0.09","0.04",""
"829","0.1005","0.0000","0.0286","0.0600","0.0436","0.0000","0.1759","0.5098","0.0817","1.0000"
"","0.03","0.00","0.03","0.03","0.02","0.00","0.08","0.13","0.03",""
"831","0.1383","0.0008","0.0000","0.0184","0.0442","0.0000","0.4494","0.2568","0.0920","1.0000"
"","0.06","0.00","0.00","0.01","0.02","0.00","0.09","0.08","0.05",""
"832","0.0377","0.0052","0.0057","0.0142","0.0207","0.0059","0.0561","0.7380","0.1165","1.0000"
"","0.01","0.00","0.00","0.00","0.01","0.00","0.01","0.03","0.02",""
"833","0.1173","0.0000","0.0055","0.0173","0.0044","0.0000","0.0740","0.6815","0.1001","1.0000"
"","0.05","0.00","0.01","0.02","0.00","0.00","0.05","0.10","0.05",""
"834","0.0000","0.0000","0.0000","0.5230","0.0222","0.0000","0.1616","0.2932","0.0000","1.0000"
"","0.00","0.00","0.00","0.11","0.01","0.00","0.04","0.13","0.00",""
"911","0.0443","0.0062","0.0000","0.0032","0.0141","0.0177","0.0453","0.7874","0.0818","1.0000"
"","0.02","0.01","0.00","0.00","0.01","0.02","0.03","0.04","0.03",""
"912","0.0157","0.0000","0.0000","0.0000","0.0000","0.0000","0.0469","0.6729","0.2644","1.0000"
"","0.02","0.00","0.00","0.00","0.00","0.00","0.05","0.20","0.20",""
"913","0.0225","0.0034","0.0066","0.0046","0.0130","0.0051","0.0350","0.8379","0.0719","1.0000"
"","0.01","0.00","0.00","0.00","0.00","0.00","0.01","0.02","0.02",""
"914","0.0975","0.0013","0.0080","0.0308","0.0135","0.0035","0.0214","0.5646","0.2594","1.0000"
"","0.03","0.00","0.01","0.03","0.01","0.00","0.01","0.08","0.08",""
"915","0.0874","0.0110","0.0012","0.0683","0.0531","0.0032","0.0948","0.6109","0.0701","1.0000"
"","0.01","0.01","0.00","0.02","0.02","0.00","0.02","0.04","0.01",""
"916","0.0764","0.0002","0.0029","0.0455","0.0378","0.0121","0.1655","0.5520","0.1077","1.0000"
"","0.02","0.00","0.00","0.02","0.02","0.01","0.03","0.05","0.03",""
"920","0.0019","0.0000","0.0027","0.0123","0.0011","0.0000","0.0085","0.8264","0.1471","1.0000"
"","0.00","0.00","0.00","0.01","0.00","0.00","0.01","0.05","0.04",""
"931","0.0053","0.0018","0.0027","0.0003","0.0021","0.0017","0.0111","0.8746","0.1003","1.0000"
"","0.00","0.00","0.00","0.00","0.00","0.00","0.00","0.02","0.02",""
"932","0.0804","0.0020","0.0103","0.0338","0.0225","0.0036","0.0398","0.6712","0.1364","1.0000"
"","0.02","0.00","0.01","0.01","0.01","0.00","0.01","0.04","0.04",""
"933","0.0312","0.0040","0.0000","0.0083","0.0342","0.0014","0.0378","0.7972","0.0859","1.0000"
"","0.01","0.00","0.00","0.01","0.02","0.00","0.01","0.03","0.02",""
"980","0.0000","0.0000","0.0000","0.0000","0.0195","0.0000","0.0715","0.1861","0.7229","1.0000"
"","0.00","0.00","0.00","0.00","0.02","0.00","0.08","0.12","0.19",""
"990","0.0000","0.0000","0.0000","0.0000","0.0000","0.0000","0.0634","0.7936","0.1430","1.0000"
"","0.00","0.00","0.00","0.00","0.00","0.00","0.08","0.17","0.13",""
"Total","0.0473","0.0044","0.0065","0.0181","0.0235","0.0051","0.0619","0.7299","0.1033","1.0000"
"","0.00","0.00","0.00","0.00","0.00","0.00","0.01","0.02","0.02",""
"N","25990","","","","","","","","",""
